"LOCATION","INDICATOR","SUBJECT","MEASURE","FREQUENCY","TIME","Value","Flag Codes"
"JPN","HHDI","GROSSADJ","USD_CAP","A","1995",16737.5594969423,
"JPN","HHDI","GROSSADJ","USD_CAP","A","1996",17137.5743014069,
"JPN","HHDI","GROSSADJ","USD_CAP","A","1997",17604.8182444825,
"JPN","HHDI","GROSSADJ","USD_CAP","A","1998",17790.3344591256,
"JPN","HHDI","GROSSADJ","USD_CAP","A","1999",18042.1177988147,
"JPN","HHDI","GROSSADJ","USD_CAP","A","2000",19175.5305957314,
"JPN","HHDI","GROSSADJ","USD_CAP","A","2001",19243.8092137803,
"JPN","HHDI","GROSSADJ","USD_CAP","A","2002",20193.9600566045,
"JPN","HHDI","GROSSADJ","USD_CAP","A","2003",20868.0435531989,
"JPN","HHDI","GROSSADJ","USD_CAP","A","2004",21749.9816579794,
"JPN","HHDI","GROSSADJ","USD_CAP","A","2005",23049.1747820827,
"JPN","HHDI","GROSSADJ","USD_CAP","A","2006",23987.060721737,
"JPN","HHDI","GROSSADJ","USD_CAP","A","2007",24916.3811313874,
"JPN","HHDI","GROSSADJ","USD_CAP","A","2008",25393.9388735172,
"JPN","HHDI","GROSSADJ","USD_CAP","A","2009",25581.2188418266,
"JPN","HHDI","GROSSADJ","USD_CAP","A","2010",26402.0212615495,
"JPN","HHDI","GROSSADJ","USD_CAP","A","2011",27299.6736016452,
"JPN","HHDI","GROSSADJ","USD_CAP","A","2012",28447.4277034279,
"JPN","HHDI","GROSSADJ","USD_CAP","A","2013",30474.3522723057,
"JPN","HHDI","GROSSADJ","USD_CAP","A","2014",30032.2094939555,
"JPN","HHDI","GROSSADJ","USD_CAP","A","2015",30597.0276338189,
"JPN","HHDI","GROSSADJ","USD_CAP","A","2016",29290.3455991883,
"JPN","HHDI","GROSSADJ","USD_CAP","A","2017",29915.5926235433,
"JPN","HHDI","GROSSADJ","USD_CAP","A","2018",30777.4413527314,
"JPN","HHDI","GROSSADJ","USD_CAP","A","2019",30918.2139569988,
"JPN","HHDI","GROSSADJ","USD_CAP","A","2020",32673.0607293031,
"JPN","HHDI","GROSSADJ","USD_CAP","A","2021",32368.4234066942,
"NLD","HHDI","GROSSADJ","USD_CAP","A","1995",16292.5878441533,
"NLD","HHDI","GROSSADJ","USD_CAP","A","1996",16964.9226106,
"NLD","HHDI","GROSSADJ","USD_CAP","A","1997",17911.921839669,
"NLD","HHDI","GROSSADJ","USD_CAP","A","1998",18873.9768777134,
"NLD","HHDI","GROSSADJ","USD_CAP","A","1999",19896.8481690737,
"NLD","HHDI","GROSSADJ","USD_CAP","A","2000",22257.5648556993,
"NLD","HHDI","GROSSADJ","USD_CAP","A","2001",23851.0514827953,
"NLD","HHDI","GROSSADJ","USD_CAP","A","2002",25565.105484979,
"NLD","HHDI","GROSSADJ","USD_CAP","A","2003",24509.6830753004,
"NLD","HHDI","GROSSADJ","USD_CAP","A","2004",25478.5822173826,
"NLD","HHDI","GROSSADJ","USD_CAP","A","2005",25671.3513664824,
"NLD","HHDI","GROSSADJ","USD_CAP","A","2006",27661.4593918533,
"NLD","HHDI","GROSSADJ","USD_CAP","A","2007",29186.9432167276,
"NLD","HHDI","GROSSADJ","USD_CAP","A","2008",30385.7648249351,
"NLD","HHDI","GROSSADJ","USD_CAP","A","2009",30119.9218011729,
"NLD","HHDI","GROSSADJ","USD_CAP","A","2010",29940.8084873073,
"NLD","HHDI","GROSSADJ","USD_CAP","A","2011",30360.1041808595,
"NLD","HHDI","GROSSADJ","USD_CAP","A","2012",31072.643726386,
"NLD","HHDI","GROSSADJ","USD_CAP","A","2013",31685.5544464571,
"NLD","HHDI","GROSSADJ","USD_CAP","A","2014",31934.9987011428,
"NLD","HHDI","GROSSADJ","USD_CAP","A","2015",32193.9574422192,
"NLD","HHDI","GROSSADJ","USD_CAP","A","2016",33258.2891477411,
"NLD","HHDI","GROSSADJ","USD_CAP","A","2017",34379.9581297719,
"NLD","HHDI","GROSSADJ","USD_CAP","A","2018",36263.6231113921,
"NLD","HHDI","GROSSADJ","USD_CAP","A","2019",38038.6382688688,
"NLD","HHDI","GROSSADJ","USD_CAP","A","2020",39703.217498366,"E"
"NLD","HHDI","GROSSADJ","USD_CAP","A","2021",41256.0097742923,"E"
"CZE","HHDI","GROSSADJ","USD_CAP","A","1995",9322.67582838215,
"CZE","HHDI","GROSSADJ","USD_CAP","A","1996",10167.1213360829,
"CZE","HHDI","GROSSADJ","USD_CAP","A","1997",10574.0646615375,
"CZE","HHDI","GROSSADJ","USD_CAP","A","1998",10535.5731694945,
"CZE","HHDI","GROSSADJ","USD_CAP","A","1999",10952.1279772836,
"CZE","HHDI","GROSSADJ","USD_CAP","A","2000",11910.0421487387,
"CZE","HHDI","GROSSADJ","USD_CAP","A","2001",12988.0270684236,
"CZE","HHDI","GROSSADJ","USD_CAP","A","2002",13688.2846122152,
"CZE","HHDI","GROSSADJ","USD_CAP","A","2003",14255.2845999762,
"CZE","HHDI","GROSSADJ","USD_CAP","A","2004",14875.7408654523,
"CZE","HHDI","GROSSADJ","USD_CAP","A","2005",15267.9942358595,
"CZE","HHDI","GROSSADJ","USD_CAP","A","2006",15931.0684644134,
"CZE","HHDI","GROSSADJ","USD_CAP","A","2007",16992.2036766479,
"CZE","HHDI","GROSSADJ","USD_CAP","A","2008",17934.5260469879,
"CZE","HHDI","GROSSADJ","USD_CAP","A","2009",18629.1187017599,
"CZE","HHDI","GROSSADJ","USD_CAP","A","2010",19246.2639273033,
"CZE","HHDI","GROSSADJ","USD_CAP","A","2011",19394.281379418,
"CZE","HHDI","GROSSADJ","USD_CAP","A","2012",19842.0680912546,
"CZE","HHDI","GROSSADJ","USD_CAP","A","2013",20841.7471910034,
"CZE","HHDI","GROSSADJ","USD_CAP","A","2014",21889.7964426235,
"CZE","HHDI","GROSSADJ","USD_CAP","A","2015",22313.3932226,
"CZE","HHDI","GROSSADJ","USD_CAP","A","2016",23663.6652875739,
"CZE","HHDI","GROSSADJ","USD_CAP","A","2017",25424.300200146,
"CZE","HHDI","GROSSADJ","USD_CAP","A","2018",26770.8843323278,
"CZE","HHDI","GROSSADJ","USD_CAP","A","2019",28746.8509021746,
"CZE","HHDI","GROSSADJ","USD_CAP","A","2020",29167.7027914305,
"CZE","HHDI","GROSSADJ","USD_CAP","A","2021",30785.1134473383,
"EU","HHDI","GROSSADJ","USD_CAP","A","1999",15989.7668135877,
"EU","HHDI","GROSSADJ","USD_CAP","A","2000",17409.6632417921,
"EU","HHDI","GROSSADJ","USD_CAP","A","2001",18448.3306174384,
"EU","HHDI","GROSSADJ","USD_CAP","A","2002",19699.6824501292,
"EU","HHDI","GROSSADJ","USD_CAP","A","2003",19795.6618277991,
"EU","HHDI","GROSSADJ","USD_CAP","A","2004",20598.11421003,
"EU","HHDI","GROSSADJ","USD_CAP","A","2005",20840.8059099301,
"EU","HHDI","GROSSADJ","USD_CAP","A","2006",21876.5980533494,
"EU","HHDI","GROSSADJ","USD_CAP","A","2007",22920.5774498025,
"EU","HHDI","GROSSADJ","USD_CAP","A","2008",24077.4770166496,
"EU","HHDI","GROSSADJ","USD_CAP","A","2009",24016.2920881223,
"EU","HHDI","GROSSADJ","USD_CAP","A","2010",24927.5837406145,
"EU","HHDI","GROSSADJ","USD_CAP","A","2011",25510.5939373587,
"EU","HHDI","GROSSADJ","USD_CAP","A","2012",25999.2127564932,
"EU","HHDI","GROSSADJ","USD_CAP","A","2013",26653.6344906326,
"EU","HHDI","GROSSADJ","USD_CAP","A","2014",27066.6762017215,
"EU","HHDI","GROSSADJ","USD_CAP","A","2015",27589.5218546769,
"EU","HHDI","GROSSADJ","USD_CAP","A","2016",29258.9921265225,
"EU","HHDI","GROSSADJ","USD_CAP","A","2017",30331.8015704934,
"EU","HHDI","GROSSADJ","USD_CAP","A","2018",31592.9221877435,
"EU","HHDI","GROSSADJ","USD_CAP","A","2019",33496.6483688703,
"EU","HHDI","GROSSADJ","USD_CAP","A","2020",34103.9439776108,
"EU","HHDI","GROSSADJ","USD_CAP","A","2021",35276.0574382384,
"DEU","HHDI","GROSSADJ","USD_CAP","A","1995",19221.717760964,
"DEU","HHDI","GROSSADJ","USD_CAP","A","1996",19863.7887390015,
"DEU","HHDI","GROSSADJ","USD_CAP","A","1997",20065.9431258838,
"DEU","HHDI","GROSSADJ","USD_CAP","A","1998",20352.3181781818,
"DEU","HHDI","GROSSADJ","USD_CAP","A","1999",21299.5238878629,
"DEU","HHDI","GROSSADJ","USD_CAP","A","2000",22437.3085845821,
"DEU","HHDI","GROSSADJ","USD_CAP","A","2001",23545.710330967,
"DEU","HHDI","GROSSADJ","USD_CAP","A","2002",24520.5793540153,
"DEU","HHDI","GROSSADJ","USD_CAP","A","2003",25070.1987845432,
"DEU","HHDI","GROSSADJ","USD_CAP","A","2004",25971.4964499982,
"DEU","HHDI","GROSSADJ","USD_CAP","A","2005",26000.9486643346,
"DEU","HHDI","GROSSADJ","USD_CAP","A","2006",26889.6518420164,
"DEU","HHDI","GROSSADJ","USD_CAP","A","2007",27926.1048511952,
"DEU","HHDI","GROSSADJ","USD_CAP","A","2008",29093.3431272611,
"DEU","HHDI","GROSSADJ","USD_CAP","A","2009",29162.2064520818,
"DEU","HHDI","GROSSADJ","USD_CAP","A","2010",30704.5582517415,
"DEU","HHDI","GROSSADJ","USD_CAP","A","2011",32107.4926965654,
"DEU","HHDI","GROSSADJ","USD_CAP","A","2012",33295.3906269424,
"DEU","HHDI","GROSSADJ","USD_CAP","A","2013",34223.5237813673,
"DEU","HHDI","GROSSADJ","USD_CAP","A","2014",35129.6869781155,
"DEU","HHDI","GROSSADJ","USD_CAP","A","2015",35492.3964342778,
"DEU","HHDI","GROSSADJ","USD_CAP","A","2016",37893.9618546332,
"DEU","HHDI","GROSSADJ","USD_CAP","A","2017",39272.160169021,
"DEU","HHDI","GROSSADJ","USD_CAP","A","2018",41169.929876663,
"DEU","HHDI","GROSSADJ","USD_CAP","A","2019",42752.8355990874,"E"
"DEU","HHDI","GROSSADJ","USD_CAP","A","2020",43760.2813642037,"E"
"DEU","HHDI","GROSSADJ","USD_CAP","A","2021",44443.7337518302,"E"
"EA","HHDI","GROSSADJ","USD_CAP","A","1999",18428.7651747238,
"EA","HHDI","GROSSADJ","USD_CAP","A","2000",20059.7530460261,
"EA","HHDI","GROSSADJ","USD_CAP","A","2001",21176.1270740518,
"EA","HHDI","GROSSADJ","USD_CAP","A","2002",22496.9592607196,
"EA","HHDI","GROSSADJ","USD_CAP","A","2003",22510.4193495522,
"EA","HHDI","GROSSADJ","USD_CAP","A","2004",23314.0661135083,
"EA","HHDI","GROSSADJ","USD_CAP","A","2005",23541.8273448888,
"EA","HHDI","GROSSADJ","USD_CAP","A","2006",24675.5355879786,
"EA","HHDI","GROSSADJ","USD_CAP","A","2007",25657.7204377715,
"EA","HHDI","GROSSADJ","USD_CAP","A","2008",26711.9543867208,
"EA","HHDI","GROSSADJ","USD_CAP","A","2009",26523.7673773219,
"EA","HHDI","GROSSADJ","USD_CAP","A","2010",27360.7895349893,
"EA","HHDI","GROSSADJ","USD_CAP","A","2011",27848.7191367203,
"EA","HHDI","GROSSADJ","USD_CAP","A","2012",28241.2163610891,
"EA","HHDI","GROSSADJ","USD_CAP","A","2013",28983.7233064725,
"EA","HHDI","GROSSADJ","USD_CAP","A","2014",29391.4688651202,
"EA","HHDI","GROSSADJ","USD_CAP","A","2015",29887.5544877355,
"EA","HHDI","GROSSADJ","USD_CAP","A","2016",31591.4668940562,
"EA","HHDI","GROSSADJ","USD_CAP","A","2017",32617.471009387,
"EA","HHDI","GROSSADJ","USD_CAP","A","2018",33861.7967090966,
"EA","HHDI","GROSSADJ","USD_CAP","A","2019",35732.5513243862,
"EA","HHDI","GROSSADJ","USD_CAP","A","2020",36185.4294881562,
"EA","HHDI","GROSSADJ","USD_CAP","A","2021",37294.6624832117,
"GRC","HHDI","GROSSADJ","USD_CAP","A","1995",13180.7679962157,
"GRC","HHDI","GROSSADJ","USD_CAP","A","1996",13481.6611106093,
"GRC","HHDI","GROSSADJ","USD_CAP","A","1997",13801.5375983431,
"GRC","HHDI","GROSSADJ","USD_CAP","A","1998",14460.8838917933,
"GRC","HHDI","GROSSADJ","USD_CAP","A","1999",14579.7591875724,
"GRC","HHDI","GROSSADJ","USD_CAP","A","2000",15716.0648461822,
"GRC","HHDI","GROSSADJ","USD_CAP","A","2001",16983.0702464996,
"GRC","HHDI","GROSSADJ","USD_CAP","A","2002",18883.2765550998,
"GRC","HHDI","GROSSADJ","USD_CAP","A","2003",19470.4727529134,
"GRC","HHDI","GROSSADJ","USD_CAP","A","2004",20562.6180725688,
"GRC","HHDI","GROSSADJ","USD_CAP","A","2005",20437.1711258471,
"GRC","HHDI","GROSSADJ","USD_CAP","A","2006",22139.6027385587,
"GRC","HHDI","GROSSADJ","USD_CAP","A","2007",22952.8142421047,
"GRC","HHDI","GROSSADJ","USD_CAP","A","2008",24398.7280588958,
"GRC","HHDI","GROSSADJ","USD_CAP","A","2009",24535.0859587776,
"GRC","HHDI","GROSSADJ","USD_CAP","A","2010",22097.8895795815,"B"
"GRC","HHDI","GROSSADJ","USD_CAP","A","2011",20129.6853964051,
"GRC","HHDI","GROSSADJ","USD_CAP","A","2012",18709.57591201,
"GRC","HHDI","GROSSADJ","USD_CAP","A","2013",18672.503699539,
"GRC","HHDI","GROSSADJ","USD_CAP","A","2014",19285.9211138136,
"GRC","HHDI","GROSSADJ","USD_CAP","A","2015",19593.3364027354,
"GRC","HHDI","GROSSADJ","USD_CAP","A","2016",20285.6228963863,
"GRC","HHDI","GROSSADJ","USD_CAP","A","2017",20670.2957565597,
"GRC","HHDI","GROSSADJ","USD_CAP","A","2018",21202.7329067775,
"GRC","HHDI","GROSSADJ","USD_CAP","A","2019",22824.5968002525,"E"
"GRC","HHDI","GROSSADJ","USD_CAP","A","2020",22156.8145197232,"E"
"GRC","HHDI","GROSSADJ","USD_CAP","A","2021",23878.6406217554,"E"
"PRT","HHDI","GROSSADJ","USD_CAP","A","1995",11890.8501739078,
"PRT","HHDI","GROSSADJ","USD_CAP","A","1996",12310.0970106,
"PRT","HHDI","GROSSADJ","USD_CAP","A","1997",12845.441030336,
"PRT","HHDI","GROSSADJ","USD_CAP","A","1998",13481.3521104526,
"PRT","HHDI","GROSSADJ","USD_CAP","A","1999",14470.6221038761,
"PRT","HHDI","GROSSADJ","USD_CAP","A","2000",15890.1663803879,
"PRT","HHDI","GROSSADJ","USD_CAP","A","2001",16480.1596151443,
"PRT","HHDI","GROSSADJ","USD_CAP","A","2002",17407.1035140547,
"PRT","HHDI","GROSSADJ","USD_CAP","A","2003",17600.7944533718,
"PRT","HHDI","GROSSADJ","USD_CAP","A","2004",18199.4808794976,
"PRT","HHDI","GROSSADJ","USD_CAP","A","2005",18875.5536897191,
"PRT","HHDI","GROSSADJ","USD_CAP","A","2006",19596.4653522359,
"PRT","HHDI","GROSSADJ","USD_CAP","A","2007",20045.2991654123,
"PRT","HHDI","GROSSADJ","USD_CAP","A","2008",20962.2802400836,
"PRT","HHDI","GROSSADJ","USD_CAP","A","2009",21057.6977695092,
"PRT","HHDI","GROSSADJ","USD_CAP","A","2010",21540.8992455374,
"PRT","HHDI","GROSSADJ","USD_CAP","A","2011",20912.3618634376,
"PRT","HHDI","GROSSADJ","USD_CAP","A","2012",20930.6640899089,
"PRT","HHDI","GROSSADJ","USD_CAP","A","2013",21837.3289527493,
"PRT","HHDI","GROSSADJ","USD_CAP","A","2014",21837.8311403924,
"PRT","HHDI","GROSSADJ","USD_CAP","A","2015",22627.6719074527,
"PRT","HHDI","GROSSADJ","USD_CAP","A","2016",23946.1021582873,
"PRT","HHDI","GROSSADJ","USD_CAP","A","2017",24508.1272061617,
"PRT","HHDI","GROSSADJ","USD_CAP","A","2018",26052.4691717238,
"PRT","HHDI","GROSSADJ","USD_CAP","A","2019",27747.0439745432,
"PRT","HHDI","GROSSADJ","USD_CAP","A","2020",27334.1942392345,
"PRT","HHDI","GROSSADJ","USD_CAP","A","2021",28180.8717896985,"E"
"AUS","HHDI","GROSSADJ","USD_CAP","A","1995",16978.343083952,
"AUS","HHDI","GROSSADJ","USD_CAP","A","1996",17818.4680572273,
"AUS","HHDI","GROSSADJ","USD_CAP","A","1997",18431.8992468273,
"AUS","HHDI","GROSSADJ","USD_CAP","A","1998",19126.794638442,
"AUS","HHDI","GROSSADJ","USD_CAP","A","1999",20037.941954628,
"AUS","HHDI","GROSSADJ","USD_CAP","A","2000",21646.50925148,
"AUS","HHDI","GROSSADJ","USD_CAP","A","2001",22758.1222135178,
"AUS","HHDI","GROSSADJ","USD_CAP","A","2002",23506.3858380148,
"AUS","HHDI","GROSSADJ","USD_CAP","A","2003",24508.9543053973,
"AUS","HHDI","GROSSADJ","USD_CAP","A","2004",26247.5513941951,
"AUS","HHDI","GROSSADJ","USD_CAP","A","2005",26566.5751006331,
"AUS","HHDI","GROSSADJ","USD_CAP","A","2006",27700.5875918641,
"AUS","HHDI","GROSSADJ","USD_CAP","A","2007",29524.3791077434,
"AUS","HHDI","GROSSADJ","USD_CAP","A","2008",31051.3231583895,
"AUS","HHDI","GROSSADJ","USD_CAP","A","2009",30789.6994280676,
"AUS","HHDI","GROSSADJ","USD_CAP","A","2010",32599.9985775794,
"AUS","HHDI","GROSSADJ","USD_CAP","A","2011",33941.0874400542,
"AUS","HHDI","GROSSADJ","USD_CAP","A","2012",33934.6140312227,
"AUS","HHDI","GROSSADJ","USD_CAP","A","2013",36048.4276330054,
"AUS","HHDI","GROSSADJ","USD_CAP","A","2014",36816.1292775518,
"AUS","HHDI","GROSSADJ","USD_CAP","A","2015",37553.1967013718,
"AUS","HHDI","GROSSADJ","USD_CAP","A","2016",38951.6063326653,
"AUS","HHDI","GROSSADJ","USD_CAP","A","2017",38813.7397010069,
"AUS","HHDI","GROSSADJ","USD_CAP","A","2018",39522.0089713121,
"AUS","HHDI","GROSSADJ","USD_CAP","A","2019",40000.9749568813,
"AUS","HHDI","GROSSADJ","USD_CAP","A","2020",42423.4251354672,
"AUS","HHDI","GROSSADJ","USD_CAP","A","2021",45052.2970176245,
"CHL","HHDI","GROSSADJ","USD_CAP","A","2003",6991.8248925169,
"CHL","HHDI","GROSSADJ","USD_CAP","A","2004",7489.53667914673,
"CHL","HHDI","GROSSADJ","USD_CAP","A","2005",8042.38294948747,
"CHL","HHDI","GROSSADJ","USD_CAP","A","2006",9825.24386660728,
"CHL","HHDI","GROSSADJ","USD_CAP","A","2007",10216.4384049377,
"CHL","HHDI","GROSSADJ","USD_CAP","A","2008",11144.8463740179,
"CHL","HHDI","GROSSADJ","USD_CAP","A","2009",11093.0611347393,
"CHL","HHDI","GROSSADJ","USD_CAP","A","2010",11989.7546343925,
"CHL","HHDI","GROSSADJ","USD_CAP","A","2011",13349.8756108116,
"CHL","HHDI","GROSSADJ","USD_CAP","A","2012",14867.4392950505,
"CHL","HHDI","GROSSADJ","USD_CAP","A","2013",15935.7387207176,
"CHL","HHDI","GROSSADJ","USD_CAP","A","2014",16097.5964750482,
"CHL","HHDI","GROSSADJ","USD_CAP","A","2015",15764.1761430827,
"CHL","HHDI","GROSSADJ","USD_CAP","A","2016",16716.4564317381,
"CHL","HHDI","GROSSADJ","USD_CAP","A","2017",16871.7629494734,
"CHL","HHDI","GROSSADJ","USD_CAP","A","2018",17971.8413680853,
"CHL","HHDI","GROSSADJ","USD_CAP","A","2019",18759.9789637043,
"CHL","HHDI","GROSSADJ","USD_CAP","A","2020",20366.6899287564,
"ITA","HHDI","GROSSADJ","USD_CAP","A","1995",17947.3490447573,
"ITA","HHDI","GROSSADJ","USD_CAP","A","1996",18437.5873696898,
"ITA","HHDI","GROSSADJ","USD_CAP","A","1997",18886.7234004273,
"ITA","HHDI","GROSSADJ","USD_CAP","A","1998",19165.224165888,
"ITA","HHDI","GROSSADJ","USD_CAP","A","1999",19666.516564881,
"ITA","HHDI","GROSSADJ","USD_CAP","A","2000",21229.2575182413,
"ITA","HHDI","GROSSADJ","USD_CAP","A","2001",22056.9154017473,
"ITA","HHDI","GROSSADJ","USD_CAP","A","2002",23210.1145111271,
"ITA","HHDI","GROSSADJ","USD_CAP","A","2003",23305.2833580465,
"ITA","HHDI","GROSSADJ","USD_CAP","A","2004",23880.4740504777,
"ITA","HHDI","GROSSADJ","USD_CAP","A","2005",23955.0169401138,
"ITA","HHDI","GROSSADJ","USD_CAP","A","2006",25102.9915201093,
"ITA","HHDI","GROSSADJ","USD_CAP","A","2007",26195.8893268222,
"ITA","HHDI","GROSSADJ","USD_CAP","A","2008",27278.6877676168,
"ITA","HHDI","GROSSADJ","USD_CAP","A","2009",26562.2675926709,
"ITA","HHDI","GROSSADJ","USD_CAP","A","2010",27571.6441374622,
"ITA","HHDI","GROSSADJ","USD_CAP","A","2011",27784.7962102831,
"ITA","HHDI","GROSSADJ","USD_CAP","A","2012",27218.0306179349,
"ITA","HHDI","GROSSADJ","USD_CAP","A","2013",27534.8619152625,
"ITA","HHDI","GROSSADJ","USD_CAP","A","2014",27373.3502265311,
"ITA","HHDI","GROSSADJ","USD_CAP","A","2015",27712.0793376367,
"ITA","HHDI","GROSSADJ","USD_CAP","A","2016",29475.2915213786,
"ITA","HHDI","GROSSADJ","USD_CAP","A","2017",30434.9588642575,
"ITA","HHDI","GROSSADJ","USD_CAP","A","2018",31469.1369477447,
"ITA","HHDI","GROSSADJ","USD_CAP","A","2019",33054.3724703305,
"ITA","HHDI","GROSSADJ","USD_CAP","A","2020",33046.595036423,
"ITA","HHDI","GROSSADJ","USD_CAP","A","2021",34227.0980545566,
"CAN","HHDI","GROSSADJ","USD_CAP","A","1995",17172.7773737979,"E"
"CAN","HHDI","GROSSADJ","USD_CAP","A","1996",17417.7965272208,"E"
"CAN","HHDI","GROSSADJ","USD_CAP","A","1997",17919.3415865248,"E"
"CAN","HHDI","GROSSADJ","USD_CAP","A","1998",18498.4785877636,"E"
"CAN","HHDI","GROSSADJ","USD_CAP","A","1999",19270.5490306928,"E"
"CAN","HHDI","GROSSADJ","USD_CAP","A","2000",20296.1672692076,"E"
"CAN","HHDI","GROSSADJ","USD_CAP","A","2001",21295.0537270241,"E"
"CAN","HHDI","GROSSADJ","USD_CAP","A","2002",21851.1119692896,"E"
"CAN","HHDI","GROSSADJ","USD_CAP","A","2003",22332.9791381861,"E"
"CAN","HHDI","GROSSADJ","USD_CAP","A","2004",23443.3299884471,"E"
"CAN","HHDI","GROSSADJ","USD_CAP","A","2005",24238.4883796067,"E"
"CAN","HHDI","GROSSADJ","USD_CAP","A","2006",25244.3890971121,"E"
"CAN","HHDI","GROSSADJ","USD_CAP","A","2007",26587.7143310442,"E"
"CAN","HHDI","GROSSADJ","USD_CAP","A","2008",27380.749872019,"E"
"CAN","HHDI","GROSSADJ","USD_CAP","A","2009",27327.3240987425,"E"
"CAN","HHDI","GROSSADJ","USD_CAP","A","2010",28472.1042123442,"E"
"CAN","HHDI","GROSSADJ","USD_CAP","A","2011",29113.9573353463,"E"
"CAN","HHDI","GROSSADJ","USD_CAP","A","2012",29745.7205182537,"E"
"CAN","HHDI","GROSSADJ","USD_CAP","A","2013",30676.6738575626,"E"
"CAN","HHDI","GROSSADJ","USD_CAP","A","2014",31379.9103324558,"E"
"CAN","HHDI","GROSSADJ","USD_CAP","A","2015",31939.5398254005,"E"
"CAN","HHDI","GROSSADJ","USD_CAP","A","2016",33594.3016547497,"E"
"CAN","HHDI","GROSSADJ","USD_CAP","A","2017",34554.2781197279,"E"
"CAN","HHDI","GROSSADJ","USD_CAP","A","2018",35338.5167004454,"E"
"CAN","HHDI","GROSSADJ","USD_CAP","A","2019",34928.1382585596,"E"
"CAN","HHDI","GROSSADJ","USD_CAP","A","2020",37643.5966686405,"E"
"CAN","HHDI","GROSSADJ","USD_CAP","A","2021",38871.1892418458,"E"
"SVN","HHDI","GROSSADJ","USD_CAP","A","1995",10678.7302357137,
"SVN","HHDI","GROSSADJ","USD_CAP","A","1996",11210.9873496577,
"SVN","HHDI","GROSSADJ","USD_CAP","A","1997",12017.1084782698,
"SVN","HHDI","GROSSADJ","USD_CAP","A","1998",12382.2298669865,
"SVN","HHDI","GROSSADJ","USD_CAP","A","1999",12987.7073896302,
"SVN","HHDI","GROSSADJ","USD_CAP","A","2000",14351.0048706176,
"SVN","HHDI","GROSSADJ","USD_CAP","A","2001",15166.626076992,
"SVN","HHDI","GROSSADJ","USD_CAP","A","2002",16515.2566684346,
"SVN","HHDI","GROSSADJ","USD_CAP","A","2003",16414.713705289,
"SVN","HHDI","GROSSADJ","USD_CAP","A","2004",17191.5289280353,
"SVN","HHDI","GROSSADJ","USD_CAP","A","2005",17702.0503283547,
"SVN","HHDI","GROSSADJ","USD_CAP","A","2006",18426.6777304687,
"SVN","HHDI","GROSSADJ","USD_CAP","A","2007",19342.443444056,
"SVN","HHDI","GROSSADJ","USD_CAP","A","2008",20688.6782967057,"B"
"SVN","HHDI","GROSSADJ","USD_CAP","A","2009",19856.9829114564,
"SVN","HHDI","GROSSADJ","USD_CAP","A","2010",20514.5615964384,
"SVN","HHDI","GROSSADJ","USD_CAP","A","2011",21101.6947420126,
"SVN","HHDI","GROSSADJ","USD_CAP","A","2012",21099.8159503327,
"SVN","HHDI","GROSSADJ","USD_CAP","A","2013",21370.2866124536,
"SVN","HHDI","GROSSADJ","USD_CAP","A","2014",21463.6483836056,
"SVN","HHDI","GROSSADJ","USD_CAP","A","2015",21849.1224395046,
"SVN","HHDI","GROSSADJ","USD_CAP","A","2016",23387.7505619115,
"SVN","HHDI","GROSSADJ","USD_CAP","A","2017",24665.9046039776,
"SVN","HHDI","GROSSADJ","USD_CAP","A","2018",26141.8092763045,
"SVN","HHDI","GROSSADJ","USD_CAP","A","2019",28202.9437834944,
"SVN","HHDI","GROSSADJ","USD_CAP","A","2020",29489.2970459108,
"SVN","HHDI","GROSSADJ","USD_CAP","A","2021",30892.5965373471,
"CHE","HHDI","GROSSADJ","USD_CAP","A","1995",20376.5503858964,
"CHE","HHDI","GROSSADJ","USD_CAP","A","1996",20824.32640976,
"CHE","HHDI","GROSSADJ","USD_CAP","A","1997",22325.4283178432,
"CHE","HHDI","GROSSADJ","USD_CAP","A","1998",22805.0120657426,
"CHE","HHDI","GROSSADJ","USD_CAP","A","1999",23919.5744435907,
"CHE","HHDI","GROSSADJ","USD_CAP","A","2000",25471.2079553107,
"CHE","HHDI","GROSSADJ","USD_CAP","A","2001",26585.7017761842,
"CHE","HHDI","GROSSADJ","USD_CAP","A","2002",27740.5468752783,
"CHE","HHDI","GROSSADJ","USD_CAP","A","2003",27087.1007787449,
"CHE","HHDI","GROSSADJ","USD_CAP","A","2004",28050.7122060414,
"CHE","HHDI","GROSSADJ","USD_CAP","A","2005",28467.1349122313,
"CHE","HHDI","GROSSADJ","USD_CAP","A","2006",30329.1344027562,
"CHE","HHDI","GROSSADJ","USD_CAP","A","2007",33190.9992904187,
"CHE","HHDI","GROSSADJ","USD_CAP","A","2008",34749.2799148584,
"CHE","HHDI","GROSSADJ","USD_CAP","A","2009",34952.9013400237,
"CHE","HHDI","GROSSADJ","USD_CAP","A","2010",35143.9620772218,
"CHE","HHDI","GROSSADJ","USD_CAP","A","2011",35755.518481145,
"CHE","HHDI","GROSSADJ","USD_CAP","A","2012",37098.346737892,
"CHE","HHDI","GROSSADJ","USD_CAP","A","2013",38885.3214919277,
"CHE","HHDI","GROSSADJ","USD_CAP","A","2014",39673.3552406656,
"CHE","HHDI","GROSSADJ","USD_CAP","A","2015",40101.2229251717,
"CHE","HHDI","GROSSADJ","USD_CAP","A","2016",41097.6293085795,
"CHE","HHDI","GROSSADJ","USD_CAP","A","2017",40421.3445123861,
"CHE","HHDI","GROSSADJ","USD_CAP","A","2018",41191.335145542,
"CHE","HHDI","GROSSADJ","USD_CAP","A","2019",42806.0153351091,
"CHE","HHDI","GROSSADJ","USD_CAP","A","2020",43637.3093659775,"E"
"CHE","HHDI","GROSSADJ","USD_CAP","A","2021",44406.8707499174,"E"
"SVK","HHDI","GROSSADJ","USD_CAP","A","1995",6322.61129592542,
"SVK","HHDI","GROSSADJ","USD_CAP","A","1996",7684.05220281858,
"SVK","HHDI","GROSSADJ","USD_CAP","A","1997",8448.95885784725,
"SVK","HHDI","GROSSADJ","USD_CAP","A","1998",8773.12058698612,
"SVK","HHDI","GROSSADJ","USD_CAP","A","1999",8436.98628608206,
"SVK","HHDI","GROSSADJ","USD_CAP","A","2000",9058.4215092269,
"SVK","HHDI","GROSSADJ","USD_CAP","A","2001",9918.07570816866,
"SVK","HHDI","GROSSADJ","USD_CAP","A","2002",10889.8083517805,
"SVK","HHDI","GROSSADJ","USD_CAP","A","2003",10632.4767403224,
"SVK","HHDI","GROSSADJ","USD_CAP","A","2004",11397.4319572152,
"SVK","HHDI","GROSSADJ","USD_CAP","A","2005",11766.7251647841,
"SVK","HHDI","GROSSADJ","USD_CAP","A","2006",12572.8612841719,
"SVK","HHDI","GROSSADJ","USD_CAP","A","2007",14208.5974266184,
"SVK","HHDI","GROSSADJ","USD_CAP","A","2008",16057.5025318877,
"SVK","HHDI","GROSSADJ","USD_CAP","A","2009",16397.9920171721,
"SVK","HHDI","GROSSADJ","USD_CAP","A","2010",18167.631520249,
"SVK","HHDI","GROSSADJ","USD_CAP","A","2011",18149.4152466417,
"SVK","HHDI","GROSSADJ","USD_CAP","A","2012",18730.3588332011,
"SVK","HHDI","GROSSADJ","USD_CAP","A","2013",19313.8615727626,
"SVK","HHDI","GROSSADJ","USD_CAP","A","2014",19547.5004635222,
"SVK","HHDI","GROSSADJ","USD_CAP","A","2015",20429.6911624193,
"SVK","HHDI","GROSSADJ","USD_CAP","A","2016",19929.4241270533,
"SVK","HHDI","GROSSADJ","USD_CAP","A","2017",20040.4252565413,
"SVK","HHDI","GROSSADJ","USD_CAP","A","2018",21195.0004128374,
"SVK","HHDI","GROSSADJ","USD_CAP","A","2019",22848.9921305717,
"SVK","HHDI","GROSSADJ","USD_CAP","A","2020",23083.6525750393,
"SVK","HHDI","GROSSADJ","USD_CAP","A","2021",23434.2713963542,
"IRL","HHDI","GROSSADJ","USD_CAP","A","1995",12478.7525510424,
"IRL","HHDI","GROSSADJ","USD_CAP","A","1996",13420.4952970814,
"IRL","HHDI","GROSSADJ","USD_CAP","A","1997",14074.0398143001,
"IRL","HHDI","GROSSADJ","USD_CAP","A","1998",15371.9576407991,
"IRL","HHDI","GROSSADJ","USD_CAP","A","1999",15803.2509809653,
"IRL","HHDI","GROSSADJ","USD_CAP","A","2000",17540.1947285633,
"IRL","HHDI","GROSSADJ","USD_CAP","A","2001",19364.748724588,
"IRL","HHDI","GROSSADJ","USD_CAP","A","2002",20544.0383701568,
"IRL","HHDI","GROSSADJ","USD_CAP","A","2003",21085.7798547386,
"IRL","HHDI","GROSSADJ","USD_CAP","A","2004",22371.4043332893,
"IRL","HHDI","GROSSADJ","USD_CAP","A","2005",23489.7726162056,
"IRL","HHDI","GROSSADJ","USD_CAP","A","2006",24573.9434261049,
"IRL","HHDI","GROSSADJ","USD_CAP","A","2007",25428.3310202164,
"IRL","HHDI","GROSSADJ","USD_CAP","A","2008",26122.2580456354,
"IRL","HHDI","GROSSADJ","USD_CAP","A","2009",24867.7956788863,
"IRL","HHDI","GROSSADJ","USD_CAP","A","2010",25652.910179167,
"IRL","HHDI","GROSSADJ","USD_CAP","A","2011",24627.0603862338,
"IRL","HHDI","GROSSADJ","USD_CAP","A","2012",25361.1655075888,
"IRL","HHDI","GROSSADJ","USD_CAP","A","2013",25043.7573896654,
"IRL","HHDI","GROSSADJ","USD_CAP","A","2014",24714.5515140991,
"IRL","HHDI","GROSSADJ","USD_CAP","A","2015",25600.0521262605,
"IRL","HHDI","GROSSADJ","USD_CAP","A","2016",27110.9970518298,
"IRL","HHDI","GROSSADJ","USD_CAP","A","2017",28262.878069452,
"IRL","HHDI","GROSSADJ","USD_CAP","A","2018",29187.315482954,
"IRL","HHDI","GROSSADJ","USD_CAP","A","2019",30885.3295253586,
"IRL","HHDI","GROSSADJ","USD_CAP","A","2020",31761.5850644741,
"IRL","HHDI","GROSSADJ","USD_CAP","A","2021",33017.668220416,
"MEX","HHDI","GROSSADJ","USD_CAP","A","2003",9520.13568668976,
"MEX","HHDI","GROSSADJ","USD_CAP","A","2004",10162.4717654714,
"MEX","HHDI","GROSSADJ","USD_CAP","A","2005",10469.4280437987,
"MEX","HHDI","GROSSADJ","USD_CAP","A","2006",11533.1866504997,
"MEX","HHDI","GROSSADJ","USD_CAP","A","2007",11899.969067255,
"MEX","HHDI","GROSSADJ","USD_CAP","A","2008",12568.1671610104,
"MEX","HHDI","GROSSADJ","USD_CAP","A","2009",12607.3875540451,
"MEX","HHDI","GROSSADJ","USD_CAP","A","2010",13016.870200678,
"MEX","HHDI","GROSSADJ","USD_CAP","A","2011",14019.8091528035,
"MEX","HHDI","GROSSADJ","USD_CAP","A","2012",14254.2918806315,
"MEX","HHDI","GROSSADJ","USD_CAP","A","2013",14573.6425152634,
"MEX","HHDI","GROSSADJ","USD_CAP","A","2014",15097.5994696487,
"MEX","HHDI","GROSSADJ","USD_CAP","A","2015",16019.1715786225,
"MEX","HHDI","GROSSADJ","USD_CAP","A","2016",17120.3791370086,
"MEX","HHDI","GROSSADJ","USD_CAP","A","2017",16924.6331971956,
"MEX","HHDI","GROSSADJ","USD_CAP","A","2018",17156.3584026637,
"MEX","HHDI","GROSSADJ","USD_CAP","A","2019",17315.8632417158,
"MEX","HHDI","GROSSADJ","USD_CAP","A","2020",16348.7933845055,
"MEX","HHDI","GROSSADJ","USD_CAP","A","2021",17324.3801847111,
"POL","HHDI","GROSSADJ","USD_CAP","A","1995",6482.4795051693,
"POL","HHDI","GROSSADJ","USD_CAP","A","1996",7011.87384077457,
"POL","HHDI","GROSSADJ","USD_CAP","A","1997",7587.63149397173,
"POL","HHDI","GROSSADJ","USD_CAP","A","1998",8095.9914446874,
"POL","HHDI","GROSSADJ","USD_CAP","A","1999",8565.94134682726,
"POL","HHDI","GROSSADJ","USD_CAP","A","2000",9317.44884599446,
"POL","HHDI","GROSSADJ","USD_CAP","A","2001",9912.08629095404,
"POL","HHDI","GROSSADJ","USD_CAP","A","2002",10616.6622094367,
"POL","HHDI","GROSSADJ","USD_CAP","A","2003",10644.9712725548,
"POL","HHDI","GROSSADJ","USD_CAP","A","2004",10963.8376250708,
"POL","HHDI","GROSSADJ","USD_CAP","A","2005",10749.8060070606,
"POL","HHDI","GROSSADJ","USD_CAP","A","2006",11504.3032473629,
"POL","HHDI","GROSSADJ","USD_CAP","A","2007",12779.7706927998,
"POL","HHDI","GROSSADJ","USD_CAP","A","2008",13760.1530006076,
"POL","HHDI","GROSSADJ","USD_CAP","A","2009",14415.7390323639,
"POL","HHDI","GROSSADJ","USD_CAP","A","2010",16204.6934515309,
"POL","HHDI","GROSSADJ","USD_CAP","A","2011",16963.4932694109,
"POL","HHDI","GROSSADJ","USD_CAP","A","2012",18043.9567992957,
"POL","HHDI","GROSSADJ","USD_CAP","A","2013",18512.5629233857,
"POL","HHDI","GROSSADJ","USD_CAP","A","2014",19291.6962637042,
"POL","HHDI","GROSSADJ","USD_CAP","A","2015",19960.5941042204,
"POL","HHDI","GROSSADJ","USD_CAP","A","2016",21330.6845599285,
"POL","HHDI","GROSSADJ","USD_CAP","A","2017",22072.0200676119,
"POL","HHDI","GROSSADJ","USD_CAP","A","2018",23176.7130490423,
"POL","HHDI","GROSSADJ","USD_CAP","A","2019",25081.2932390649,
"POL","HHDI","GROSSADJ","USD_CAP","A","2020",26686.1865933566,
"POL","HHDI","GROSSADJ","USD_CAP","A","2021",26199.3032720317,
"BEL","HHDI","GROSSADJ","USD_CAP","A","1995",17545.7996351091,
"BEL","HHDI","GROSSADJ","USD_CAP","A","1996",17781.4547699319,
"BEL","HHDI","GROSSADJ","USD_CAP","A","1997",18124.7649509491,
"BEL","HHDI","GROSSADJ","USD_CAP","A","1998",18462.4148461562,
"BEL","HHDI","GROSSADJ","USD_CAP","A","1999",19180.475431571,
"BEL","HHDI","GROSSADJ","USD_CAP","A","2000",21610.5986145301,
"BEL","HHDI","GROSSADJ","USD_CAP","A","2001",22538.1905555048,
"BEL","HHDI","GROSSADJ","USD_CAP","A","2002",24006.625428075,
"BEL","HHDI","GROSSADJ","USD_CAP","A","2003",23794.0573388976,
"BEL","HHDI","GROSSADJ","USD_CAP","A","2004",24222.5032690175,
"BEL","HHDI","GROSSADJ","USD_CAP","A","2005",24523.1291428879,
"BEL","HHDI","GROSSADJ","USD_CAP","A","2006",25592.2840724183,
"BEL","HHDI","GROSSADJ","USD_CAP","A","2007",26344.8763605096,
"BEL","HHDI","GROSSADJ","USD_CAP","A","2008",27855.5616655671,
"BEL","HHDI","GROSSADJ","USD_CAP","A","2009",27868.5374158565,
"BEL","HHDI","GROSSADJ","USD_CAP","A","2010",28779.4539984626,
"BEL","HHDI","GROSSADJ","USD_CAP","A","2011",29401.733558232,
"BEL","HHDI","GROSSADJ","USD_CAP","A","2012",30451.084634254,
"BEL","HHDI","GROSSADJ","USD_CAP","A","2013",31616.3791892908,
"BEL","HHDI","GROSSADJ","USD_CAP","A","2014",32229.0357017547,
"BEL","HHDI","GROSSADJ","USD_CAP","A","2015",32596.7529692703,
"BEL","HHDI","GROSSADJ","USD_CAP","A","2016",33824.037119115,
"BEL","HHDI","GROSSADJ","USD_CAP","A","2017",34777.2243507391,
"BEL","HHDI","GROSSADJ","USD_CAP","A","2018",35932.8893005777,
"BEL","HHDI","GROSSADJ","USD_CAP","A","2019",38140.756108611,
"BEL","HHDI","GROSSADJ","USD_CAP","A","2020",39526.3078473463,"E"
"BEL","HHDI","GROSSADJ","USD_CAP","A","2021",40778.7972305131,"E"
"SWE","HHDI","GROSSADJ","USD_CAP","A","1995",14766.5968778924,
"SWE","HHDI","GROSSADJ","USD_CAP","A","1996",15068.7073414855,
"SWE","HHDI","GROSSADJ","USD_CAP","A","1997",15116.0033639831,
"SWE","HHDI","GROSSADJ","USD_CAP","A","1998",15576.385210035,
"SWE","HHDI","GROSSADJ","USD_CAP","A","1999",16777.6109706863,
"SWE","HHDI","GROSSADJ","USD_CAP","A","2000",18580.9407861386,
"SWE","HHDI","GROSSADJ","USD_CAP","A","2001",19652.4310382998,
"SWE","HHDI","GROSSADJ","USD_CAP","A","2002",21136.5481888978,
"SWE","HHDI","GROSSADJ","USD_CAP","A","2003",21093.6095542819,
"SWE","HHDI","GROSSADJ","USD_CAP","A","2004",21773.1273563186,
"SWE","HHDI","GROSSADJ","USD_CAP","A","2005",22067.4872846402,
"SWE","HHDI","GROSSADJ","USD_CAP","A","2006",23777.2341053826,
"SWE","HHDI","GROSSADJ","USD_CAP","A","2007",25738.9814556013,
"SWE","HHDI","GROSSADJ","USD_CAP","A","2008",27299.4719903457,
"SWE","HHDI","GROSSADJ","USD_CAP","A","2009",27267.4923466228,
"SWE","HHDI","GROSSADJ","USD_CAP","A","2010",27803.1072259192,
"SWE","HHDI","GROSSADJ","USD_CAP","A","2011",28934.1725000991,
"SWE","HHDI","GROSSADJ","USD_CAP","A","2012",30565.8161485949,
"SWE","HHDI","GROSSADJ","USD_CAP","A","2013",30645.2417356805,
"SWE","HHDI","GROSSADJ","USD_CAP","A","2014",31112.0448611177,
"SWE","HHDI","GROSSADJ","USD_CAP","A","2015",31745.7773891178,
"SWE","HHDI","GROSSADJ","USD_CAP","A","2016",32921.1457324689,
"SWE","HHDI","GROSSADJ","USD_CAP","A","2017",33389.3591869523,
"SWE","HHDI","GROSSADJ","USD_CAP","A","2018",34174.3383788914,
"SWE","HHDI","GROSSADJ","USD_CAP","A","2019",35688.0680510704,
"SWE","HHDI","GROSSADJ","USD_CAP","A","2020",35648.3996509817,
"SWE","HHDI","GROSSADJ","USD_CAP","A","2021",36836.1671879773,
"ESP","HHDI","GROSSADJ","USD_CAP","A","1995",12198.4517748651,
"ESP","HHDI","GROSSADJ","USD_CAP","A","1996",12738.8886199092,
"ESP","HHDI","GROSSADJ","USD_CAP","A","1997",13546.0844777378,
"ESP","HHDI","GROSSADJ","USD_CAP","A","1998",14311.5940265001,
"ESP","HHDI","GROSSADJ","USD_CAP","A","1999",14908.4450927674,
"ESP","HHDI","GROSSADJ","USD_CAP","A","2000",16886.9856761057,
"ESP","HHDI","GROSSADJ","USD_CAP","A","2001",18119.6788344245,
"ESP","HHDI","GROSSADJ","USD_CAP","A","2002",19726.9680116253,
"ESP","HHDI","GROSSADJ","USD_CAP","A","2003",19863.0019537565,
"ESP","HHDI","GROSSADJ","USD_CAP","A","2004",20570.1172977901,
"ESP","HHDI","GROSSADJ","USD_CAP","A","2005",21092.4195853579,
"ESP","HHDI","GROSSADJ","USD_CAP","A","2006",22101.6506011672,
"ESP","HHDI","GROSSADJ","USD_CAP","A","2007",22364.8250364156,
"ESP","HHDI","GROSSADJ","USD_CAP","A","2008",23317.348625525,
"ESP","HHDI","GROSSADJ","USD_CAP","A","2009",22991.2041823045,
"ESP","HHDI","GROSSADJ","USD_CAP","A","2010",22897.5511488067,
"ESP","HHDI","GROSSADJ","USD_CAP","A","2011",22982.971416413,
"ESP","HHDI","GROSSADJ","USD_CAP","A","2012",22402.2051335687,
"ESP","HHDI","GROSSADJ","USD_CAP","A","2013",23021.399352256,
"ESP","HHDI","GROSSADJ","USD_CAP","A","2014",23479.1030734388,
"ESP","HHDI","GROSSADJ","USD_CAP","A","2015",24640.7765484176,
"ESP","HHDI","GROSSADJ","USD_CAP","A","2016",26018.3906627201,
"ESP","HHDI","GROSSADJ","USD_CAP","A","2017",27136.4617871495,
"ESP","HHDI","GROSSADJ","USD_CAP","A","2018",27746.2357558076,
"ESP","HHDI","GROSSADJ","USD_CAP","A","2019",29804.618270424,
"ESP","HHDI","GROSSADJ","USD_CAP","A","2020",28802.2841123593,"E"
"ESP","HHDI","GROSSADJ","USD_CAP","A","2021",29547.6779898864,"E"
"EST","HHDI","GROSSADJ","USD_CAP","A","1995",5371.26273663678,
"EST","HHDI","GROSSADJ","USD_CAP","A","1996",5605.00884222373,
"EST","HHDI","GROSSADJ","USD_CAP","A","1997",6046.52822580789,
"EST","HHDI","GROSSADJ","USD_CAP","A","1998",6309.13135783138,
"EST","HHDI","GROSSADJ","USD_CAP","A","1999",6509.66873786382,
"EST","HHDI","GROSSADJ","USD_CAP","A","2000",7230.0472460974,
"EST","HHDI","GROSSADJ","USD_CAP","A","2001",7687.42630167457,
"EST","HHDI","GROSSADJ","USD_CAP","A","2002",8433.63575345741,
"EST","HHDI","GROSSADJ","USD_CAP","A","2003",9034.63230337942,
"EST","HHDI","GROSSADJ","USD_CAP","A","2004",9841.05556369624,
"EST","HHDI","GROSSADJ","USD_CAP","A","2005",10744.9953853817,
"EST","HHDI","GROSSADJ","USD_CAP","A","2006",12072.9132990575,
"EST","HHDI","GROSSADJ","USD_CAP","A","2007",13398.3938135673,
"EST","HHDI","GROSSADJ","USD_CAP","A","2008",15100.4988501364,
"EST","HHDI","GROSSADJ","USD_CAP","A","2009",14353.0411603165,
"EST","HHDI","GROSSADJ","USD_CAP","A","2010",14690.8505453895,
"EST","HHDI","GROSSADJ","USD_CAP","A","2011",15645.2209917286,
"EST","HHDI","GROSSADJ","USD_CAP","A","2012",16236.751515705,
"EST","HHDI","GROSSADJ","USD_CAP","A","2013",17465.7408318809,
"EST","HHDI","GROSSADJ","USD_CAP","A","2014",18319.1519276539,
"EST","HHDI","GROSSADJ","USD_CAP","A","2015",19321.3291478592,
"EST","HHDI","GROSSADJ","USD_CAP","A","2016",20727.3170053457,
"EST","HHDI","GROSSADJ","USD_CAP","A","2017",21826.4676290509,
"EST","HHDI","GROSSADJ","USD_CAP","A","2018",23485.9900508542,
"EST","HHDI","GROSSADJ","USD_CAP","A","2019",24916.1181632281,
"EST","HHDI","GROSSADJ","USD_CAP","A","2020",25793.0876189579,
"EST","HHDI","GROSSADJ","USD_CAP","A","2021",26945.2848959443,
"NOR","HHDI","GROSSADJ","USD_CAP","A","1995",15534.2704063673,
"NOR","HHDI","GROSSADJ","USD_CAP","A","1996",16516.9469455181,
"NOR","HHDI","GROSSADJ","USD_CAP","A","1997",17226.0515964253,
"NOR","HHDI","GROSSADJ","USD_CAP","A","1998",18199.8231033181,
"NOR","HHDI","GROSSADJ","USD_CAP","A","1999",18708.5944471102,
"NOR","HHDI","GROSSADJ","USD_CAP","A","2000",20394.8439977663,
"NOR","HHDI","GROSSADJ","USD_CAP","A","2001",20683.1869008349,
"NOR","HHDI","GROSSADJ","USD_CAP","A","2002",23283.0421645602,
"NOR","HHDI","GROSSADJ","USD_CAP","A","2003",23982.0046338114,
"NOR","HHDI","GROSSADJ","USD_CAP","A","2004",25345.2522114746,
"NOR","HHDI","GROSSADJ","USD_CAP","A","2005",26802.7148648902,
"NOR","HHDI","GROSSADJ","USD_CAP","A","2006",26353.4284804059,
"NOR","HHDI","GROSSADJ","USD_CAP","A","2007",28473.5110543008,
"NOR","HHDI","GROSSADJ","USD_CAP","A","2008",29772.3011634362,
"NOR","HHDI","GROSSADJ","USD_CAP","A","2009",30494.5738619126,
"NOR","HHDI","GROSSADJ","USD_CAP","A","2010",31286.6999099862,
"NOR","HHDI","GROSSADJ","USD_CAP","A","2011",32290.4705672169,
"NOR","HHDI","GROSSADJ","USD_CAP","A","2012",33728.8372040277,
"NOR","HHDI","GROSSADJ","USD_CAP","A","2013",35727.9216883881,
"NOR","HHDI","GROSSADJ","USD_CAP","A","2014",36475.0995000899,
"NOR","HHDI","GROSSADJ","USD_CAP","A","2015",36417.8177885806,
"NOR","HHDI","GROSSADJ","USD_CAP","A","2016",36933.1220070835,
"NOR","HHDI","GROSSADJ","USD_CAP","A","2017",39225.3396381929,
"NOR","HHDI","GROSSADJ","USD_CAP","A","2018",40477.564536595,
"NOR","HHDI","GROSSADJ","USD_CAP","A","2019",41853.0727927559,
"NOR","HHDI","GROSSADJ","USD_CAP","A","2020",41855.0660847453,
"NOR","HHDI","GROSSADJ","USD_CAP","A","2021",43850.8234843026,
"KOR","HHDI","GROSSADJ","USD_CAP","A","1995",10665.4399637435,
"KOR","HHDI","GROSSADJ","USD_CAP","A","1996",11475.7942825158,
"KOR","HHDI","GROSSADJ","USD_CAP","A","1997",11775.0354692582,
"KOR","HHDI","GROSSADJ","USD_CAP","A","1998",11662.3271109476,
"KOR","HHDI","GROSSADJ","USD_CAP","A","1999",11982.7123721966,
"KOR","HHDI","GROSSADJ","USD_CAP","A","2000",12496.0517109874,
"KOR","HHDI","GROSSADJ","USD_CAP","A","2001",13034.2639175525,
"KOR","HHDI","GROSSADJ","USD_CAP","A","2002",13878.621965121,
"KOR","HHDI","GROSSADJ","USD_CAP","A","2003",14261.1356194314,
"KOR","HHDI","GROSSADJ","USD_CAP","A","2004",15244.0552955068,
"KOR","HHDI","GROSSADJ","USD_CAP","A","2005",15814.9967154735,
"KOR","HHDI","GROSSADJ","USD_CAP","A","2006",16656.6588349274,
"KOR","HHDI","GROSSADJ","USD_CAP","A","2007",17814.6029344014,
"KOR","HHDI","GROSSADJ","USD_CAP","A","2008",18514.726674674,
"KOR","HHDI","GROSSADJ","USD_CAP","A","2009",18642.4285182529,
"KOR","HHDI","GROSSADJ","USD_CAP","A","2010",19674.9886129723,
"KOR","HHDI","GROSSADJ","USD_CAP","A","2011",20438.864741522,
"KOR","HHDI","GROSSADJ","USD_CAP","A","2012",21244.0412479003,
"KOR","HHDI","GROSSADJ","USD_CAP","A","2013",21573.3199078738,
"KOR","HHDI","GROSSADJ","USD_CAP","A","2014",21915.9557767694,
"KOR","HHDI","GROSSADJ","USD_CAP","A","2015",23958.2968282339,
"KOR","HHDI","GROSSADJ","USD_CAP","A","2016",24190.5977330586,
"KOR","HHDI","GROSSADJ","USD_CAP","A","2017",24484.53503831,
"KOR","HHDI","GROSSADJ","USD_CAP","A","2018",25736.626905859,
"KOR","HHDI","GROSSADJ","USD_CAP","A","2019",26307.2791629751,
"KOR","HHDI","GROSSADJ","USD_CAP","A","2020",27892.3807884638,
"KOR","HHDI","GROSSADJ","USD_CAP","A","2021",28991.0515901067,"E"
"GBR","HHDI","GROSSADJ","USD_CAP","A","1995",15336.2484725085,
"GBR","HHDI","GROSSADJ","USD_CAP","A","1996",16379.8937649239,
"GBR","HHDI","GROSSADJ","USD_CAP","A","1997",16779.0420187796,
"GBR","HHDI","GROSSADJ","USD_CAP","A","1998",16812.3345427314,
"GBR","HHDI","GROSSADJ","USD_CAP","A","1999",17699.953642764,
"GBR","HHDI","GROSSADJ","USD_CAP","A","2000",20018.8795116064,
"GBR","HHDI","GROSSADJ","USD_CAP","A","2001",21416.5969835605,
"GBR","HHDI","GROSSADJ","USD_CAP","A","2002",22764.1831376378,
"GBR","HHDI","GROSSADJ","USD_CAP","A","2003",23158.1467436087,
"GBR","HHDI","GROSSADJ","USD_CAP","A","2004",24874.0458466944,
"GBR","HHDI","GROSSADJ","USD_CAP","A","2005",24567.8758629594,
"GBR","HHDI","GROSSADJ","USD_CAP","A","2006",25787.0605331125,
"GBR","HHDI","GROSSADJ","USD_CAP","A","2007",26564.4881554604,
"GBR","HHDI","GROSSADJ","USD_CAP","A","2008",27163.0831779131,
"GBR","HHDI","GROSSADJ","USD_CAP","A","2009",26910.6475885457,
"GBR","HHDI","GROSSADJ","USD_CAP","A","2010",27632.9377767968,
"GBR","HHDI","GROSSADJ","USD_CAP","A","2011",27563.1040958994,
"GBR","HHDI","GROSSADJ","USD_CAP","A","2012",28630.6462837624,
"GBR","HHDI","GROSSADJ","USD_CAP","A","2013",29252.6844068104,
"GBR","HHDI","GROSSADJ","USD_CAP","A","2014",29726.9653840956,
"GBR","HHDI","GROSSADJ","USD_CAP","A","2015",30915.3038284633,
"GBR","HHDI","GROSSADJ","USD_CAP","A","2016",31697.7679008483,
"GBR","HHDI","GROSSADJ","USD_CAP","A","2017",32417.6286543526,
"GBR","HHDI","GROSSADJ","USD_CAP","A","2018",33296.7681524208,
"GBR","HHDI","GROSSADJ","USD_CAP","A","2019",34823.1124761365,
"GBR","HHDI","GROSSADJ","USD_CAP","A","2020",34909.4662524586,
"GBR","HHDI","GROSSADJ","USD_CAP","A","2021",36891.4875370977,
"USA","HHDI","GROSSADJ","USD_CAP","A","1995",22882.9205290561,
"USA","HHDI","GROSSADJ","USD_CAP","A","1996",23758.4072610246,
"USA","HHDI","GROSSADJ","USD_CAP","A","1997",24715.9282856703,
"USA","HHDI","GROSSADJ","USD_CAP","A","1998",26049.7112191024,
"USA","HHDI","GROSSADJ","USD_CAP","A","1999",27065.9513331997,
"USA","HHDI","GROSSADJ","USD_CAP","A","2000",28784.1934185086,
"USA","HHDI","GROSSADJ","USD_CAP","A","2001",29945.6254851433,
"USA","HHDI","GROSSADJ","USD_CAP","A","2002",31093.339466236,
"USA","HHDI","GROSSADJ","USD_CAP","A","2003",32345.4696482765,
"USA","HHDI","GROSSADJ","USD_CAP","A","2004",33958.2505370624,
"USA","HHDI","GROSSADJ","USD_CAP","A","2005",35202.5325835408,
"USA","HHDI","GROSSADJ","USD_CAP","A","2006",37201.8017355046,
"USA","HHDI","GROSSADJ","USD_CAP","A","2007",38661.9922670503,
"USA","HHDI","GROSSADJ","USD_CAP","A","2008",40004.9832010586,
"USA","HHDI","GROSSADJ","USD_CAP","A","2009",39622.4592859003,
"USA","HHDI","GROSSADJ","USD_CAP","A","2010",40752.9956558083,
"USA","HHDI","GROSSADJ","USD_CAP","A","2011",42186.8569013273,
"USA","HHDI","GROSSADJ","USD_CAP","A","2012",43903.2412931925,
"USA","HHDI","GROSSADJ","USD_CAP","A","2013",43860.8338657643,
"USA","HHDI","GROSSADJ","USD_CAP","A","2014",45786.2932500211,
"USA","HHDI","GROSSADJ","USD_CAP","A","2015",47228.4902068529,
"USA","HHDI","GROSSADJ","USD_CAP","A","2016",48258.3778946363,
"USA","HHDI","GROSSADJ","USD_CAP","A","2017",50047.2032368598,
"USA","HHDI","GROSSADJ","USD_CAP","A","2018",52451.2967967785,
"USA","HHDI","GROSSADJ","USD_CAP","A","2019",54747.1648649221,
"USA","HHDI","GROSSADJ","USD_CAP","A","2020",58653.4333450888,
"USA","HHDI","GROSSADJ","USD_CAP","A","2021",62334.1697314675,
"HUN","HHDI","GROSSADJ","USD_CAP","A","1995",7913.34533232095,
"HUN","HHDI","GROSSADJ","USD_CAP","A","1996",7885.11713396324,
"HUN","HHDI","GROSSADJ","USD_CAP","A","1997",8021.23202465118,
"HUN","HHDI","GROSSADJ","USD_CAP","A","1998",8264.3258177701,
"HUN","HHDI","GROSSADJ","USD_CAP","A","1999",8558.93191487531,
"HUN","HHDI","GROSSADJ","USD_CAP","A","2000",9404.98122970733,
"HUN","HHDI","GROSSADJ","USD_CAP","A","2001",10222.953909002,
"HUN","HHDI","GROSSADJ","USD_CAP","A","2002",11420.7740315217,
"HUN","HHDI","GROSSADJ","USD_CAP","A","2003",11984.5874066279,
"HUN","HHDI","GROSSADJ","USD_CAP","A","2004",12776.0718206177,
"HUN","HHDI","GROSSADJ","USD_CAP","A","2005",13312.0703509895,
"HUN","HHDI","GROSSADJ","USD_CAP","A","2006",13806.4510744382,
"HUN","HHDI","GROSSADJ","USD_CAP","A","2007",13603.5164642203,
"HUN","HHDI","GROSSADJ","USD_CAP","A","2008",14139.7397830801,
"HUN","HHDI","GROSSADJ","USD_CAP","A","2009",14246.6040046809,
"HUN","HHDI","GROSSADJ","USD_CAP","A","2010",15220.7381879418,
"HUN","HHDI","GROSSADJ","USD_CAP","A","2011",16287.5735002264,
"HUN","HHDI","GROSSADJ","USD_CAP","A","2012",16531.7521255845,
"HUN","HHDI","GROSSADJ","USD_CAP","A","2013",17193.9172733869,
"HUN","HHDI","GROSSADJ","USD_CAP","A","2014",17543.0656817193,
"HUN","HHDI","GROSSADJ","USD_CAP","A","2015",17974.1857660738,
"HUN","HHDI","GROSSADJ","USD_CAP","A","2016",18933.3220072533,
"HUN","HHDI","GROSSADJ","USD_CAP","A","2017",19791.3476692934,
"HUN","HHDI","GROSSADJ","USD_CAP","A","2018",21482.3179355094,
"HUN","HHDI","GROSSADJ","USD_CAP","A","2019",23137.5420068115,
"HUN","HHDI","GROSSADJ","USD_CAP","A","2020",23316.0521861173,
"HUN","HHDI","GROSSADJ","USD_CAP","A","2021",25051.2442107623,"E"
"FIN","HHDI","GROSSADJ","USD_CAP","A","1995",12926.2742656146,
"FIN","HHDI","GROSSADJ","USD_CAP","A","1996",13145.3806764898,
"FIN","HHDI","GROSSADJ","USD_CAP","A","1997",14038.9777206431,
"FIN","HHDI","GROSSADJ","USD_CAP","A","1998",14724.2506423726,
"FIN","HHDI","GROSSADJ","USD_CAP","A","1999",15726.9633083095,
"FIN","HHDI","GROSSADJ","USD_CAP","A","2000",17212.7332637428,
"FIN","HHDI","GROSSADJ","USD_CAP","A","2001",17500.8390185093,
"FIN","HHDI","GROSSADJ","USD_CAP","A","2002",18888.2457277591,
"FIN","HHDI","GROSSADJ","USD_CAP","A","2003",19275.5822911426,
"FIN","HHDI","GROSSADJ","USD_CAP","A","2004",20787.0042815842,
"FIN","HHDI","GROSSADJ","USD_CAP","A","2005",20876.7311716312,
"FIN","HHDI","GROSSADJ","USD_CAP","A","2006",22155.8192220995,
"FIN","HHDI","GROSSADJ","USD_CAP","A","2007",24261.6248388968,
"FIN","HHDI","GROSSADJ","USD_CAP","A","2008",25978.2415448409,
"FIN","HHDI","GROSSADJ","USD_CAP","A","2009",26334.7298434393,
"FIN","HHDI","GROSSADJ","USD_CAP","A","2010",27630.5537928286,
"FIN","HHDI","GROSSADJ","USD_CAP","A","2011",28489.4495067786,
"FIN","HHDI","GROSSADJ","USD_CAP","A","2012",29373.983871873,
"FIN","HHDI","GROSSADJ","USD_CAP","A","2013",30093.2105440337,
"FIN","HHDI","GROSSADJ","USD_CAP","A","2014",30263.2133645628,
"FIN","HHDI","GROSSADJ","USD_CAP","A","2015",30849.1223441098,
"FIN","HHDI","GROSSADJ","USD_CAP","A","2016",32273.2230052653,
"FIN","HHDI","GROSSADJ","USD_CAP","A","2017",33377.1258240619,
"FIN","HHDI","GROSSADJ","USD_CAP","A","2018",34675.1907182505,
"FIN","HHDI","GROSSADJ","USD_CAP","A","2019",36296.4250186235,
"FIN","HHDI","GROSSADJ","USD_CAP","A","2020",37123.2102424059,
"FIN","HHDI","GROSSADJ","USD_CAP","A","2021",37632.2909952222,
"AUT","HHDI","GROSSADJ","USD_CAP","A","1995",18508.1009700165,
"AUT","HHDI","GROSSADJ","USD_CAP","A","1996",18923.7611695601,
"AUT","HHDI","GROSSADJ","USD_CAP","A","1997",19225.728683187,
"AUT","HHDI","GROSSADJ","USD_CAP","A","1998",20111.5732817786,
"AUT","HHDI","GROSSADJ","USD_CAP","A","1999",21027.4996642117,
"AUT","HHDI","GROSSADJ","USD_CAP","A","2000",22906.5452563783,
"AUT","HHDI","GROSSADJ","USD_CAP","A","2001",22909.9460952581,
"AUT","HHDI","GROSSADJ","USD_CAP","A","2002",24433.1611060908,
"AUT","HHDI","GROSSADJ","USD_CAP","A","2003",25103.1784429477,
"AUT","HHDI","GROSSADJ","USD_CAP","A","2004",26077.7864907793,
"AUT","HHDI","GROSSADJ","USD_CAP","A","2005",27118.1554171228,
"AUT","HHDI","GROSSADJ","USD_CAP","A","2006",28474.9754551137,
"AUT","HHDI","GROSSADJ","USD_CAP","A","2007",29403.5290818421,
"AUT","HHDI","GROSSADJ","USD_CAP","A","2008",30475.132374413,
"AUT","HHDI","GROSSADJ","USD_CAP","A","2009",30400.9903274413,
"AUT","HHDI","GROSSADJ","USD_CAP","A","2010",31177.5325711971,
"AUT","HHDI","GROSSADJ","USD_CAP","A","2011",31746.4848535024,
"AUT","HHDI","GROSSADJ","USD_CAP","A","2012",33296.5271462556,
"AUT","HHDI","GROSSADJ","USD_CAP","A","2013",33971.8234744652,
"AUT","HHDI","GROSSADJ","USD_CAP","A","2014",34326.2291407177,
"AUT","HHDI","GROSSADJ","USD_CAP","A","2015",34413.5343174674,
"AUT","HHDI","GROSSADJ","USD_CAP","A","2016",36227.9556316761,
"AUT","HHDI","GROSSADJ","USD_CAP","A","2017",36984.3120142911,
"AUT","HHDI","GROSSADJ","USD_CAP","A","2018",38190.8705617069,
"AUT","HHDI","GROSSADJ","USD_CAP","A","2019",40065.8552764624,
"AUT","HHDI","GROSSADJ","USD_CAP","A","2020",39851.8889882896,
"AUT","HHDI","GROSSADJ","USD_CAP","A","2021",41858.5056059157,
"LUX","HHDI","GROSSADJ","USD_CAP","A","1995",21933.085638319,
"LUX","HHDI","GROSSADJ","USD_CAP","A","1996",22215.8410987671,
"LUX","HHDI","GROSSADJ","USD_CAP","A","1997",23515.4106057389,
"LUX","HHDI","GROSSADJ","USD_CAP","A","1998",24250.3115261895,
"LUX","HHDI","GROSSADJ","USD_CAP","A","1999",26252.7882866579,
"LUX","HHDI","GROSSADJ","USD_CAP","A","2000",29560.7279475237,
"LUX","HHDI","GROSSADJ","USD_CAP","A","2001",30833.0954364851,
"LUX","HHDI","GROSSADJ","USD_CAP","A","2002",34486.6952779415,
"LUX","HHDI","GROSSADJ","USD_CAP","A","2003",34355.1195460391,
"LUX","HHDI","GROSSADJ","USD_CAP","A","2004",34446.865432706,
"LUX","HHDI","GROSSADJ","USD_CAP","A","2005",34372.8540197719,
"LUX","HHDI","GROSSADJ","USD_CAP","A","2006",36305.2627081482,
"LUX","HHDI","GROSSADJ","USD_CAP","A","2007",36911.9332419393,
"LUX","HHDI","GROSSADJ","USD_CAP","A","2008",38702.354925876,
"LUX","HHDI","GROSSADJ","USD_CAP","A","2009",38479.5943239623,
"LUX","HHDI","GROSSADJ","USD_CAP","A","2010",37908.7433613473,
"LUX","HHDI","GROSSADJ","USD_CAP","A","2011",39248.2889605426,
"LUX","HHDI","GROSSADJ","USD_CAP","A","2012",40660.6660862493,
"LUX","HHDI","GROSSADJ","USD_CAP","A","2013",43403.071752342,
"LUX","HHDI","GROSSADJ","USD_CAP","A","2014",43282.8569417899,
"LUX","HHDI","GROSSADJ","USD_CAP","A","2015",43476.1403979943,
"LUX","HHDI","GROSSADJ","USD_CAP","A","2016",44505.6035513456,
"LUX","HHDI","GROSSADJ","USD_CAP","A","2017",46535.0945475953,
"LUX","HHDI","GROSSADJ","USD_CAP","A","2018",48794.2367830408,
"LUX","HHDI","GROSSADJ","USD_CAP","A","2019",50089.4349681677,
"LUX","HHDI","GROSSADJ","USD_CAP","A","2020",50856.6231743111,
"LUX","HHDI","GROSSADJ","USD_CAP","A","2021",51465.379629899,
"FRA","HHDI","GROSSADJ","USD_CAP","A","1995",16511.4231400421,
"FRA","HHDI","GROSSADJ","USD_CAP","A","1996",17033.1559897462,
"FRA","HHDI","GROSSADJ","USD_CAP","A","1997",17645.8559272356,
"FRA","HHDI","GROSSADJ","USD_CAP","A","1998",18319.4884510155,
"FRA","HHDI","GROSSADJ","USD_CAP","A","1999",19030.6282945189,
"FRA","HHDI","GROSSADJ","USD_CAP","A","2000",21227.6373792421,
"FRA","HHDI","GROSSADJ","USD_CAP","A","2001",22663.3092653084,
"FRA","HHDI","GROSSADJ","USD_CAP","A","2002",24402.0803237876,
"FRA","HHDI","GROSSADJ","USD_CAP","A","2003",23597.8397877205,
"FRA","HHDI","GROSSADJ","USD_CAP","A","2004",24223.4593440938,
"FRA","HHDI","GROSSADJ","USD_CAP","A","2005",24746.9632901101,
"FRA","HHDI","GROSSADJ","USD_CAP","A","2006",25713.9180881177,
"FRA","HHDI","GROSSADJ","USD_CAP","A","2007",26992.0668668151,
"FRA","HHDI","GROSSADJ","USD_CAP","A","2008",27756.5303694484,
"FRA","HHDI","GROSSADJ","USD_CAP","A","2009",27878.783870168,
"FRA","HHDI","GROSSADJ","USD_CAP","A","2010",29168.8848984543,
"FRA","HHDI","GROSSADJ","USD_CAP","A","2011",29757.8903248459,
"FRA","HHDI","GROSSADJ","USD_CAP","A","2012",30369.3747884718,
"FRA","HHDI","GROSSADJ","USD_CAP","A","2013",31388.0207749005,
"FRA","HHDI","GROSSADJ","USD_CAP","A","2014",31699.9141206895,
"FRA","HHDI","GROSSADJ","USD_CAP","A","2015",31890.7023268608,
"FRA","HHDI","GROSSADJ","USD_CAP","A","2016",33550.6700073678,
"FRA","HHDI","GROSSADJ","USD_CAP","A","2017",34316.8246217008,
"FRA","HHDI","GROSSADJ","USD_CAP","A","2018",35280.4130143154,
"FRA","HHDI","GROSSADJ","USD_CAP","A","2019",37573.6144924149,
"FRA","HHDI","GROSSADJ","USD_CAP","A","2020",38533.3069567261,"E"
"FRA","HHDI","GROSSADJ","USD_CAP","A","2021",39862.6138507046,"E"
"RUS","HHDI","GROSSADJ","USD_CAP","A","2011",15756.2525911506,
"RUS","HHDI","GROSSADJ","USD_CAP","A","2012",17162.9784813834,
"RUS","HHDI","GROSSADJ","USD_CAP","A","2013",18078.0262240164,
"RUS","HHDI","GROSSADJ","USD_CAP","A","2014",18620.0355331589,
"RUS","HHDI","GROSSADJ","USD_CAP","A","2015",18184.0475895096,
"RUS","HHDI","GROSSADJ","USD_CAP","A","2016",18163.0739768852,
"RUS","HHDI","GROSSADJ","USD_CAP","A","2017",19082.8737100682,
"RUS","HHDI","GROSSADJ","USD_CAP","A","2018",19843.4381194872,
"RUS","HHDI","GROSSADJ","USD_CAP","A","2019",20590.2914383328,
"NZL","HHDI","GROSSADJ","USD_CAP","A","1998",13905.0286473495,
"NZL","HHDI","GROSSADJ","USD_CAP","A","1999",14919.6974335955,
"NZL","HHDI","GROSSADJ","USD_CAP","A","2000",14707.9804085514,
"NZL","HHDI","GROSSADJ","USD_CAP","A","2001",15551.0056536384,
"NZL","HHDI","GROSSADJ","USD_CAP","A","2002",15609.5069470164,
"NZL","HHDI","GROSSADJ","USD_CAP","A","2003",16373.1741760952,
"NZL","HHDI","GROSSADJ","USD_CAP","A","2004",17374.7492821246,
"NZL","HHDI","GROSSADJ","USD_CAP","A","2005",17600.1476417317,
"NZL","HHDI","GROSSADJ","USD_CAP","A","2006",19104.7566973842,
"NZL","HHDI","GROSSADJ","USD_CAP","A","2007",20622.430444128,
"NZL","HHDI","GROSSADJ","USD_CAP","A","2008",21181.8124509348,
"NZL","HHDI","GROSSADJ","USD_CAP","A","2009",21493.445565578,
"NZL","HHDI","GROSSADJ","USD_CAP","A","2010",22208.6179978369,
"NZL","HHDI","GROSSADJ","USD_CAP","A","2011",23343.7015402789,
"NZL","HHDI","GROSSADJ","USD_CAP","A","2012",23864.9975499336,
"NZL","HHDI","GROSSADJ","USD_CAP","A","2013",24794.4400239715,
"NZL","HHDI","GROSSADJ","USD_CAP","A","2014",24986.6895967349,
"NZL","HHDI","GROSSADJ","USD_CAP","A","2015",25507.7308466571,
"NZL","HHDI","GROSSADJ","USD_CAP","A","2016",27383.1380016027,
"NZL","HHDI","GROSSADJ","USD_CAP","A","2017",28766.3469770512,
"NZL","HHDI","GROSSADJ","USD_CAP","A","2018",29567.1757453887,
"NZL","HHDI","GROSSADJ","USD_CAP","A","2019",32605.6902882177,
"DNK","HHDI","GROSSADJ","USD_CAP","A","1995",15098.8991042001,
"DNK","HHDI","GROSSADJ","USD_CAP","A","1996",15408.3674069198,
"DNK","HHDI","GROSSADJ","USD_CAP","A","1997",15720.9462301861,
"DNK","HHDI","GROSSADJ","USD_CAP","A","1998",16503.6213087631,
"DNK","HHDI","GROSSADJ","USD_CAP","A","1999",16491.3793512059,
"DNK","HHDI","GROSSADJ","USD_CAP","A","2000",17656.6716860486,
"DNK","HHDI","GROSSADJ","USD_CAP","A","2001",18333.2376678051,
"DNK","HHDI","GROSSADJ","USD_CAP","A","2002",19944.7920030689,
"DNK","HHDI","GROSSADJ","USD_CAP","A","2003",19934.4639864218,
"DNK","HHDI","GROSSADJ","USD_CAP","A","2004",20886.0630501077,
"DNK","HHDI","GROSSADJ","USD_CAP","A","2005",21067.2150100109,
"DNK","HHDI","GROSSADJ","USD_CAP","A","2006",22504.0301988627,
"DNK","HHDI","GROSSADJ","USD_CAP","A","2007",23709.7214556707,
"DNK","HHDI","GROSSADJ","USD_CAP","A","2008",24628.5000223929,
"DNK","HHDI","GROSSADJ","USD_CAP","A","2009",25269.4115683377,
"DNK","HHDI","GROSSADJ","USD_CAP","A","2010",27066.7323754663,
"DNK","HHDI","GROSSADJ","USD_CAP","A","2011",27671.8631486807,
"DNK","HHDI","GROSSADJ","USD_CAP","A","2012",28226.796578206,
"DNK","HHDI","GROSSADJ","USD_CAP","A","2013",29302.6636572859,
"DNK","HHDI","GROSSADJ","USD_CAP","A","2014",29543.8327968615,
"DNK","HHDI","GROSSADJ","USD_CAP","A","2015",30507.1829275656,
"DNK","HHDI","GROSSADJ","USD_CAP","A","2016",31950.5301364607,
"DNK","HHDI","GROSSADJ","USD_CAP","A","2017",33441.2777459902,
"DNK","HHDI","GROSSADJ","USD_CAP","A","2018",34714.1638787589,
"DNK","HHDI","GROSSADJ","USD_CAP","A","2019",36126.0856648821,
"DNK","HHDI","GROSSADJ","USD_CAP","A","2020",36681.9390385846,
"DNK","HHDI","GROSSADJ","USD_CAP","A","2021",37079.3646310161,
"LVA","HHDI","GROSSADJ","USD_CAP","A","1995",3802.95209526332,
"LVA","HHDI","GROSSADJ","USD_CAP","A","1996",4147.78687726574,
"LVA","HHDI","GROSSADJ","USD_CAP","A","1997",4933.22017051607,
"LVA","HHDI","GROSSADJ","USD_CAP","A","1998",5084.25624382504,
"LVA","HHDI","GROSSADJ","USD_CAP","A","1999",5307.18227594566,
"LVA","HHDI","GROSSADJ","USD_CAP","A","2000",6209.22222585731,
"LVA","HHDI","GROSSADJ","USD_CAP","A","2001",6807.93394499195,
"LVA","HHDI","GROSSADJ","USD_CAP","A","2002",7893.62023288094,
"LVA","HHDI","GROSSADJ","USD_CAP","A","2003",8426.76468750649,
"LVA","HHDI","GROSSADJ","USD_CAP","A","2004",9408.73026261794,
"LVA","HHDI","GROSSADJ","USD_CAP","A","2005",10330.0373972787,
"LVA","HHDI","GROSSADJ","USD_CAP","A","2006",11847.3031974547,
"LVA","HHDI","GROSSADJ","USD_CAP","A","2007",13236.4590278681,
"LVA","HHDI","GROSSADJ","USD_CAP","A","2008",14681.8275756788,
"LVA","HHDI","GROSSADJ","USD_CAP","A","2009",12783.556847413,
"LVA","HHDI","GROSSADJ","USD_CAP","A","2010",13304.413241548,
"LVA","HHDI","GROSSADJ","USD_CAP","A","2011",13227.5267602783,
"LVA","HHDI","GROSSADJ","USD_CAP","A","2012",14457.2565638527,
"LVA","HHDI","GROSSADJ","USD_CAP","A","2013",15351.1414007683,
"LVA","HHDI","GROSSADJ","USD_CAP","A","2014",16226.3362357635,
"LVA","HHDI","GROSSADJ","USD_CAP","A","2015",17350.2032922342,
"LVA","HHDI","GROSSADJ","USD_CAP","A","2016",18769.0733832418,
"LVA","HHDI","GROSSADJ","USD_CAP","A","2017",19936.9326307317,
"LVA","HHDI","GROSSADJ","USD_CAP","A","2018",21259.527297963,
"LVA","HHDI","GROSSADJ","USD_CAP","A","2019",22763.7226977441,
"LVA","HHDI","GROSSADJ","USD_CAP","A","2020",23596.9652075953,
"LVA","HHDI","GROSSADJ","USD_CAP","A","2021",25734.730541891,
"TUR","HHDI","GROSSADJ","USD_CAP","A","2009",11766.756782369,
"TUR","HHDI","GROSSADJ","USD_CAP","A","2010",13264.283693376,
"TUR","HHDI","GROSSADJ","USD_CAP","A","2011",14997.2659132168,
"TUR","HHDI","GROSSADJ","USD_CAP","A","2012",15597.3217850794,
"TUR","HHDI","GROSSADJ","USD_CAP","A","2013",17002.3963411323,
"TUR","HHDI","GROSSADJ","USD_CAP","A","2014",18268.4585990592,
"TUR","HHDI","GROSSADJ","USD_CAP","A","2015",19693.675138809,
"TUR","HHDI","GROSSADJ","USD_CAP","A","2016",20641.0129385635,
"TUR","HHDI","GROSSADJ","USD_CAP","A","2017",21799.9781003222,
"LTU","HHDI","GROSSADJ","USD_CAP","A","1995",4830.0325558615,
"LTU","HHDI","GROSSADJ","USD_CAP","A","1996",5136.53119996183,
"LTU","HHDI","GROSSADJ","USD_CAP","A","1997",5773.23923374346,
"LTU","HHDI","GROSSADJ","USD_CAP","A","1998",6445.25762679165,
"LTU","HHDI","GROSSADJ","USD_CAP","A","1999",6904.85216568377,
"LTU","HHDI","GROSSADJ","USD_CAP","A","2000",7428.43854243499,
"LTU","HHDI","GROSSADJ","USD_CAP","A","2001",7962.01364599587,
"LTU","HHDI","GROSSADJ","USD_CAP","A","2002",9060.93020855852,
"LTU","HHDI","GROSSADJ","USD_CAP","A","2003",10024.1464639513,
"LTU","HHDI","GROSSADJ","USD_CAP","A","2004",11599.4369502705,
"LTU","HHDI","GROSSADJ","USD_CAP","A","2005",12045.4504794737,
"LTU","HHDI","GROSSADJ","USD_CAP","A","2006",13327.5711740671,
"LTU","HHDI","GROSSADJ","USD_CAP","A","2007",13959.6065670771,
"LTU","HHDI","GROSSADJ","USD_CAP","A","2008",15823.2323336808,
"LTU","HHDI","GROSSADJ","USD_CAP","A","2009",15040.6753266551,
"LTU","HHDI","GROSSADJ","USD_CAP","A","2010",16206.7324319268,
"LTU","HHDI","GROSSADJ","USD_CAP","A","2011",17293.5748328713,
"LTU","HHDI","GROSSADJ","USD_CAP","A","2012",18333.5478353043,
"LTU","HHDI","GROSSADJ","USD_CAP","A","2013",19736.4197762918,
"LTU","HHDI","GROSSADJ","USD_CAP","A","2014",20332.6277580693,
"LTU","HHDI","GROSSADJ","USD_CAP","A","2015",21186.4224513898,
"LTU","HHDI","GROSSADJ","USD_CAP","A","2016",23290.2509387044,
"LTU","HHDI","GROSSADJ","USD_CAP","A","2017",24464.7840278734,
"LTU","HHDI","GROSSADJ","USD_CAP","A","2018",25808.3818038189,
"LTU","HHDI","GROSSADJ","USD_CAP","A","2019",28781.8264276591,
"LTU","HHDI","GROSSADJ","USD_CAP","A","2020",30631.798214174,
"LTU","HHDI","GROSSADJ","USD_CAP","A","2021",30873.7711526665,
"CRI","HHDI","GROSSADJ","USD_CAP","A","2012",11946.2853408554,
"CRI","HHDI","GROSSADJ","USD_CAP","A","2013",12262.593207226,
"CRI","HHDI","GROSSADJ","USD_CAP","A","2014",12876.2954137459,
"CRI","HHDI","GROSSADJ","USD_CAP","A","2015",13519.5879422945,
"CRI","HHDI","GROSSADJ","USD_CAP","A","2016",14675.8886312115,
"CRI","HHDI","GROSSADJ","USD_CAP","A","2017",16130.4937390182,
"CRI","HHDI","GROSSADJ","USD_CAP","A","2018",16619.155337857,
"CRI","HHDI","GROSSADJ","USD_CAP","A","2019",17161.1236227347,
"CRI","HHDI","GROSSADJ","USD_CAP","A","2020",16331.3805395522,
